variety,points,points,points,points,points,points,points,points,price,price,price,price,price,price,price,price
,count,mean,std,min,25%,50%,75%,max,count,mean,std,min,25%,50%,75%,max
variety,,,,,,,,,,,,,,,,
Abouriou,3,87.66666667,3.055050463,85,86,87,89,91,3,35,34.64101615,15,15,15,45,75
Agiorgitiko,63,87.03174603,1.991662087,83,85,87,88,92,63,23.57142857,12.36764025,10,15,20,27,66
Aglianico,294,89.39795918,2.576103611,81,87,89,91,97,294,38.8877551,23.43572256,6,22.25,33.5,49,180
Aidani,1,82,,82,82,82,82,82,1,27,,27,27,27,27,27
Airen,3,81.66666667,1.527525232,80,81,82,82.5,83,3,9,1,8,8.5,9,9.5,10
Albana,19,89.26315789,2.305599591,84,88.5,89,90.5,94,19,23.47368421,11.9553262,12,15,20,30,50
Albanello,1,86,,86,86,86,86,86,1,20,,20,20,20,20,20
Albariño,474,87.7257384,2.373366131,80,86,88,89,94,474,21.29746835,7.529091846,10,17,20,24,75
Albarossa,2,88,0,88,88,88,88,88,2,40,0,40,40,40,40,40
Aleatico,4,85.75,2.5,83,84.5,85.5,86.75,89,4,39.75,12.78997003,25,32.5,39.5,46.75,55
Alfrocheiro,16,88.6875,2.441823089,85,86,89,90.25,93,16,26.5625,12.01648174,11,14,24.5,35.75,50
Alicante,5,87.4,1.140175425,86,87,87,88,89,5,23,7.681145748,10,24,24,27,30
Alicante Bouschet,48,89.45833333,2.782608093,83,88,90,91.25,93,48,31.29166667,29.40325524,7,15,20,36.75,150
Aligoté,29,86.51724138,1.478915859,84,86,87,87,91,29,19.65517241,5.965830454,13,15,19,23,36
Alsace white blend,49,90.34693878,3.369909868,84,88,90,93,96,49,29.57142857,20.29367718,10,14,23,35,98
Altesse,8,88.75,1.281739889,87,87.75,89,90,90,8,17.875,1.246423455,15,18,18,18.25,19
Alvarelhão,2,86.5,2.121320344,85,85.75,86.5,87.25,88,2,21,4.242640687,18,19.5,21,22.5,24
Alvarinho,116,88.52586207,2.301081813,82,87,89,90,93,116,19.34482759,8.868217259,9,14.75,17,22,75
Alvarinho-Chardonnay,4,86.75,1.258305739,85,86.5,87,87.25,88,4,11.25,2.62995564,9,9.75,10.5,12,15
Ansonica,2,86.5,0.707106781,86,86.25,86.5,86.75,87,2,26,5.656854249,22,24,26,28,30
Antão Vaz,17,87.70588235,1.490163828,85,87,87,89,90,17,19.76470588,6.427766056,11,13,20,24,30
Apple,2,89,0,89,89,89,89,89,2,29,5.656854249,25,27,29,31,33
Aragonez,6,88,2.966479395,85,85.25,88,90.75,91,6,23.5,11.32695899,10,13.5,25.5,33,35
Aragonês,7,89.14285714,1.214985793,88,88,89,90,91,7,29.57142857,21.72446503,14,16.5,20,35,70
Argaman,3,88.33333333,2.516611478,86,87,88,89.5,91,3,40.66666667,6.429100507,36,37,38,43,48
Arinto,66,87.10606061,2.2335125,83,85,87,88,92,66,15.86363636,8.260911411,7,11.25,14,17,55
Arneis,80,87.3125,1.695815774,84,86,87,88,92,80,20.7625,5.112020458,14,17,20,22,40
Asprinio,1,84,,84,84,84,84,84,1,15,,15,15,15,15,15
Assyrtico,43,88.04651163,2.32945414,84,86.5,88,89.5,92,43,23.53488372,7.519336461,12,19,23,29.5,40
Assyrtiko,18,89.22222222,1.864704851,86,89,89,90,93,18,22.88888889,6.79003499,12,18,22,28,36
Athiri,1,83,,83,83,83,83,83,1,18,,18,18,18,18,18
Austrian Red Blend,54,89.7962963,2.358282311,83,89,90,91,94,54,35.16666667,20.95795431,14,18.25,29,49,115
Austrian white blend,62,90.4516129,2.433896016,85,89,90.5,92,96,62,32.46774194,20.41192013,11,20,25,35,120
Auxerrois,23,89,1.381698559,86,88,90,90,91,23,22.34782609,4.528783658,15,19.5,22,24,32
Avesso,6,88,0.632455532,87,88,88,88,89,6,16.33333333,6.889605697,12,12.25,14,15.75,30
Azal,3,86,1,85,85.5,86,86.5,87,3,13.66666667,1.154700538,13,13,13,14,15
Babić,4,88.5,0.577350269,88,88,88.5,89,89,4,35,19.16594202,16,22.75,32,44.25,60
Babosa Negro,1,92,,92,92,92,92,92,1,45,,45,45,45,45,45
Baco Noir,16,86.125,2.418677324,83,84,86,88,91,16,25.75,5.360348247,18,21.5,25.5,28,36
Baga,27,90.2962963,1.85668884,86,89.5,90,92,93,27,36.25925926,20.43299103,9,20,30,43.5,80
Baga-Touriga Nacional,2,91,0,91,91,91,91,91,2,40,28.28427125,20,30,40,50,60
Barbera,617,87.75202593,2.117896825,80,87,88,89,93,617,26.09886548,11.64121158,10,18,25,30,100
Barbera-Nebbiolo,1,87,,87,87,87,87,87,1,30,,30,30,30,30,30
Bastardo,2,85.5,0.707106781,85,85.25,85.5,85.75,86,2,20.5,16.26345597,9,14.75,20.5,26.25,32
Biancale,1,85,,85,85,85,85,85,1,18,,18,18,18,18,18
Biancolella,1,85,,85,85,85,85,85,1,26,,26,26,26,26,26
Bical,12,86.5,1.623688282,84,85.75,86,87.25,90,12,15.25,8.497325783,8,9,12,18.25,30
Black Monukka,2,91,1.414213562,90,90.5,91,91.5,92,2,25,0,25,25,25,25,25
Black Muscat,11,88.18181818,2.676497032,84,86.5,88,90,92,11,21.63636364,10.55720349,8,14,22,25,45
Blanc du Bois,6,85,1.264911064,84,84,84.5,85.75,87,6,27,10.17840852,19,19.5,22,35.75,40
Blatina,1,88,,88,88,88,88,88,1,12,,12,12,12,12,12
Blauburger,1,87,,87,87,87,87,87,1,17,,17,17,17,17,17
Blauburgunder,1,93,,93,93,93,93,93,1,19,,19,19,19,19,19
Blauer Portugieser,2,86.5,0.707106781,86,86.25,86.5,86.75,87,2,15.5,0.707106781,15,15.25,15.5,15.75,16
Blaufränkisch,206,90.06796117,2.675132587,82,88,90,92,95,206,31.85436893,21.22925169,9,19,25,39,129
Bobal,23,86,2.730301349,80,84.5,86,87,92,23,21.52173913,20.01560656,10,12.5,15,18,100
Bobal-Cabernet Sauvignon,1,84,,84,84,84,84,84,1,9,,9,9,9,9,9
Bombino Bianco,1,88,,88,88,88,88,88,1,30,,30,30,30,30,30
Bombino Nero,1,87,,87,87,87,87,87,1,11,,11,11,11,11,11
Bonarda,105,86.5047619,2.58740964,80,85,87,89,92,105,16.62857143,6.367370461,9,13,15,18,40
Bordeaux-style Red Blend,5340,88.79213483,3.075173219,80,87,89,91,100,5340,47.21086142,92.81062873,7,19.75,30,50,3300
Bordeaux-style White Blend,695,87.90791367,3.122408199,81,86,87,90,100,695,34.72086331,89.30193455,6,13,17,28,1000
Bovale,4,89.75,1.5,88,88.75,90,91,91,4,30,0,30,30,30,30,30
Boğazkere,4,89.75,0.957427108,89,89,89.5,90.25,91,4,25.75,6.800735254,19,20.5,25.5,30.75,33
Brachetto,15,83.8,1.521277659,80,83,84,85,86,15,17.8,4.459340118,11,14.5,17,20.5,27
Braucol,5,90.6,2.302172887,87,90,91,92,93,5,27,10.19803903,12,24,29,30,40
Bual,6,94.33333333,2.250925735,92,92.5,94.5,95,98,6,100,87.69948689,34,44,50,158,230
Cabernet,9,86.77777778,1.715938357,84,85,87,88,89,9,16.77777778,8.941165721,12,13,13,14,40
Cabernet Blend,80,88.5,2.633763251,83,87,88,91,93,80,50.75,39.02174013,9,23.75,40,70,260
Cabernet Franc,1305,88.14482759,2.727055366,80,86,88,90,97,1305,34.83678161,21.38186682,10,22,29,40,180
Cabernet Franc-Cabernet Sauvignon,15,89.26666667,2.520393015,85,87.5,90,91,94,15,28.73333333,20.57552869,15,17,22,28,90
Cabernet Franc-Carmenère,2,86,0,86,86,86,86,86,2,12,0,12,12,12,12,12
Cabernet Franc-Lemberger,2,87,1.414213562,86,86.5,87,87.5,88,2,20,0,20,20,20,20,20
Cabernet Franc-Malbec,4,91,0,91,91,91,91,91,4,58.5,41,38,38,38,58.5,120
Cabernet Franc-Merlot,18,89.5,2.549509757,84,89,89.5,91,93,18,45.94444444,23.73746659,22,36.5,40,45,125
Cabernet Merlot,19,86.47368421,2.653476149,82,84.5,86,88.5,91,19,22.42105263,15.22540198,8,12,15,29,64
Cabernet Moravia,2,86.5,2.121320344,85,85.75,86.5,87.25,88,2,18,0,18,18,18,18,18
Cabernet Pfeffer,2,87.5,4.949747468,84,85.75,87.5,89.25,91,2,30,7.071067812,25,27.5,30,32.5,35
Cabernet Sauvignon,9386,88.61059024,3.321676235,80,86,88,91,100,9386,47.94001705,41.15723612,4,20,37,65,625
Cabernet Sauvignon Grenache,2,88,1.414213562,87,87.5,88,88.5,89,2,18.5,6.363961031,14,16.25,18.5,20.75,23
Cabernet Sauvignon-Barbera,1,84,,84,84,84,84,84,1,45,,45,45,45,45,45
Cabernet Sauvignon-Cabernet Franc,21,88.95238095,2.692140236,84,87,89,92,93,21,43.57142857,20.69437467,18,30,39,48,106
Cabernet Sauvignon-Carmenère,40,87.3,2.681369723,80,86,87,89,93,40,25.025,16.02800034,8,13.75,20,28,85
Cabernet Sauvignon-Malbec,18,87.11111111,4.676460312,80,82.5,87,91,95,18,38.55555556,39.0538425,8,12.25,21.5,39.75,135
Cabernet Sauvignon-Merlot,116,87.65517241,2.791613055,81,86,88,89.25,96,116,27.18103448,19.23701104,6,13,20,39,95
Cabernet Sauvignon-Merlot-Shiraz,3,89.66666667,2.309401077,87,89,91,91,91,3,16.66666667,5.773502692,10,15,20,20,20
Cabernet Sauvignon-Sangiovese,7,88.85714286,1.67616342,87,88,88,89.5,92,7,40.28571429,7.782764841,30,33.5,45,45,50
Cabernet Sauvignon-Shiraz,24,88.375,3.461747485,81,86,89.5,90,94,24,29.79166667,25.02343105,9,14.25,23,39.25,125
Cabernet Sauvignon-Syrah,102,88.91176471,3.258205,82,87,88,91,96,102,35.7745098,22.09829834,9,15,30,50,100
Cabernet Sauvignon-Tempranillo,15,86.2,1.934646516,81,85.5,86,88,88,15,14.73333333,3.63449086,9,12,15,18,19
Cabernet-Malbec,1,86,,86,86,86,86,86,1,11,,11,11,11,11,11
Cabernet-Shiraz,2,91,7.071067812,86,88.5,91,93.5,96,2,83.5,94.0452019,17,50.25,83.5,116.75,150
Cabernet-Syrah,12,89.16666667,1.800673275,87,88,89,89.25,93,12,26.66666667,7.843159537,16,21.5,27.5,30,40
Canaiolo,3,88.33333333,1.154700538,87,88,89,89,89,3,40.66666667,21.82506205,17,31,45,52.5,60
Cannonau,28,87.78571429,1.750283424,83,87,88,89,92,28,25.25,10.93964926,10,16.75,22.5,33,49
Caprettone,1,92,,92,92,92,92,92,1,19,,19,19,19,19,19
Carcajolu,1,88,,88,88,88,88,88,1,21,,21,21,21,21,21
Carignan,77,88.94805195,2.795184317,83,87,89,90,96,77,46.01298701,91.24194175,10,18,27,39,770
Carignan-Grenache,9,89.11111111,2.147349788,85,88,89,90,92,9,29.55555556,14.8501777,17,23,23,30,65
Carignan-Syrah,3,91,1.732050808,89,90.5,92,92,92,3,59,36.37306696,17,48.5,80,80,80
Carignane,29,88.86206897,1.787339162,85,88,89,90,92,29,27.24137931,6.260164149,18,22,28,29,42
Carignano,14,90.35714286,1.736802671,86,89.25,90.5,92,92,14,36.78571429,24.4294229,14,19,28,45,87
Carineña,5,86.2,2.588435821,83,85,86,87,90,5,22.2,16.72423391,8,10,13,35,45
Cariñena-Garnacha,2,89.5,0.707106781,89,89.25,89.5,89.75,90,2,31,0,31,31,31,31,31
Carmenère,567,86.6031746,2.500782311,80,85,87,88,94,567,21.52380952,24.2222275,6,12,15,22,235
Carmenère-Cabernet Sauvignon,7,88.85714286,2.478478796,86,87,89,90.5,92,7,27.14285714,21.74418368,12,13.5,15,35,66
Carmenère-Syrah,7,87.14285714,3.236694375,83,84.5,87,90,91,7,23,13.15294644,11,12,15,37,37
Carricante,37,89.83783784,2.034610439,85,89,90,91,95,37,40.40540541,30.0420626,19,25,35,45,195
Casavecchia,5,87,2.738612788,85,85,85,90,90,5,46.4,13.12630946,26,45,45,58,58
Castelão,32,87.5,2.794002794,83,85,87.5,90,93,32,16.5,12.21580151,7,10,12,18,70
Catalanesca,1,89,,89,89,89,89,89,1,19,,19,19,19,19,19
Catarratto,25,86.76,1.164760347,84,86,87,88,89,25,20.16,12.50893014,9,15,17,20,74
Cayuga,2,84.5,0.707106781,84,84.25,84.5,84.75,85,2,16,4.242640687,13,14.5,16,17.5,19
Centesimino,1,92,,92,92,92,92,92,1,36,,36,36,36,36,36
Cerceal,3,89.66666667,1.154700538,89,89,89,90,91,3,44.66666667,12.85820101,30,40,50,52,54
Cercial,1,88,,88,88,88,88,88,1,50,,50,50,50,50,50
Cesanese,2,90,0,90,90,90,90,90,2,20,0,20,20,20,20,20
Cesanese d'Affile,8,88.125,1.457737974,86,87,88,89.25,90,8,22.125,8.096516006,16,17.5,18,24.5,35
Chambourcin,18,83.72222222,2.080880909,80,82,84,85,87,18,17.66666667,6.462561867,10,14.25,16,19.5,35
Champagne Blend,1211,89.64574732,2.982182018,80,88,90,92,100,1211,70.74483898,60.34548026,7,40,55,80,600
Chancellor,2,80.5,0.707106781,80,80.25,80.5,80.75,81,2,16,5.656854249,12,14,16,18,20
Charbono,26,88.19230769,2.607975932,84,87,88,90,93,26,34.30769231,5.998461341,24,30,36,39.75,45
Chardonel,1,83,,83,83,83,83,83,1,11,,11,11,11,11,11
Chardonnay,11080,88.30297834,3.234521093,80,86,88,91,100,11080,34.52202166,42.24505533,4,18,26,40,2013
Chardonnay Weissburgunder,2,92,2.828427125,90,91,92,93,94,2,41.5,23.33452378,25,33.25,41.5,49.75,58
Chardonnay-Albariño,2,91.5,0.707106781,91,91.25,91.5,91.75,92,2,31,4.242640687,28,29.5,31,32.5,34
Chardonnay-Pinot Blanc,5,88.6,1.816590212,87,87,88,90,91,5,34.2,14.61848145,25,25,26,36,59
Chardonnay-Pinot Gris,1,85,,85,85,85,85,85,1,17,,17,17,17,17,17
Chardonnay-Riesling,1,87,,87,87,87,87,87,1,24,,24,24,24,24,24
Chardonnay-Sauvignon,6,86.33333333,1.751190072,84,85.25,86.5,87,89,6,13.66666667,2.160246899,11,11.75,14.5,15,16
Chardonnay-Sauvignon Blanc,6,87.83333333,0.40824829,87,88,88,88,88,6,13.33333333,2.065591118,12,12,12,15,16
Chardonnay-Semillon,7,86.71428571,3.59231985,81,84.5,88,89,91,7,18.85714286,5.304984179,13,17,18,18.5,30
Chardonnay-Viognier,33,85.42424242,1.785887437,82,84,86,87,88,33,16.6969697,6.317064431,10,11,15,20,35
Chasselas,7,89,1.527525232,86,88.5,90,90,90,7,21.71428571,3.093772547,19,19.5,22,22,28
Chelois,2,85,2.828427125,83,84,85,86,87,2,22.5,3.535533906,20,21.25,22.5,23.75,25
Chenin Blanc,533,88.40525328,2.807235981,80,86,88,90,99,533,23.23076923,17.02224415,6,14,18,26,159
Chenin Blanc-Chardonnay,27,88.07407407,1.959708101,85,87,88,89,92,27,15.74074074,4.399235883,9,12,15,18,25
Chenin Blanc-Sauvignon Blanc,6,84.83333333,0.752772653,84,84.25,85,85,86,6,10.5,1.870828693,9,9.25,10,10.75,14
Chenin Blanc-Viognier,13,87.53846154,1.983909634,83,86,88,89,90,13,15.76923077,6.084869845,10,14,14,16,35
Chinuri,3,86,1.732050808,84,85.5,87,87,87,3,25.33333333,6.429100507,18,23,28,29,30
Ciliegiolo,3,87.66666667,1.527525232,86,87,88,88.5,89,3,30.66666667,2.309401077,28,30,32,32,32
Cinsault,40,88.925,2.400721046,80,88,89,91,93,40,27.05,8.755803936,10,22,25,32,58
Clairette,2,88.5,0.707106781,88,88.25,88.5,88.75,89,2,21,12.72792206,12,16.5,21,25.5,30
Claret,33,88.18181818,3.156882812,83,85,88,91,93,33,50.06060606,44.31629172,16,22,28,40,140
Cococciola,1,86,,86,86,86,86,86,1,20,,20,20,20,20,20
Coda di Volpe,15,85.33333333,1.67616342,82,85,85,85.5,89,15,19.66666667,6.629659188,12,15.5,18,21,39
Colombard,23,87,1.906925178,84,86,87,88,91,23,16.52173913,8.473861228,8,9,18,20,42
Colombard-Sauvignon Blanc,15,85.46666667,0.990430402,84,85,86,86,87,15,11,1.414213562,9,10,11,12,13
Colombard-Ugni Blanc,8,85.125,0.640869944,84,85,85,85.25,86,8,10.25,1.281739889,9,9.75,10,10.25,13
Colorino,1,86,,86,86,86,86,86,1,40,,40,40,40,40,40
Cortese,66,86.43939394,1.360189895,84,86,86,87,89,66,21.68181818,9.820166207,10,15,20,23,50
Corvina,20,88.85,3.166851333,85,86,87,92.25,94,20,43.3,33.29943891,10,15,23,77.5,95
"Corvina, Rondinella, Molinara",496,88.49596774,2.660596096,82,87,88,90,96,496,47.90725806,50.23391212,9,20,35,60,530
Counoise,12,88.83333333,1.696699113,87,87,88.5,90.25,91,12,31.08333333,4.461111426,25,27.75,31,33.5,40
Códega do Larinho,4,87.75,0.5,87,87.75,88,88,88,4,18,0,18,18,18,18,18
Dafni,1,85,,85,85,85,85,85,1,20,,20,20,20,20,20
Debit,3,89,0,89,89,89,89,89,3,98.33333333,54.84827557,35,82.5,130,130,130
Diamond,1,86,,86,86,86,86,86,1,10,,10,10,10,10,10
Dolcetto,168,87.10714286,2.266749273,80,86,87,88,92,168,21.94047619,9.371700541,9,18,20,25,100
Dornfelder,27,86.66666667,2.130366527,83,86,86,87,93,27,17.03703704,10.45312423,7,12,12,17.5,47
Doña Blanca,1,84,,84,84,84,84,84,1,53,,53,53,53,53,53
Duras,6,88.16666667,2.316606714,85,86.5,88.5,89.75,91,6,21.33333333,9.521904571,14,16.5,18,21,40
Durella,9,89.66666667,1.414213562,87,89,90,90,92,9,31.11111111,10.98230901,20,21,29,42,45
Durif,2,86,2.828427125,84,85,86,87,88,2,32.5,3.535533906,30,31.25,32.5,33.75,35
Edelzwicker,4,88.75,1.892969449,86,88.25,89.5,90,90,4,19.75,5.678908346,16,16,17.5,21.25,28
Elbling,4,87.75,1.5,86,86.75,88,89,89,4,16,0,16,16,16,16,16
Emir,4,86.75,1.258305739,85,86.5,87,87.25,88,4,16,2,15,15,15,16,19
Encruzado,34,89.82352941,1.623139275,87,88.25,90,91,92,34,24.14705882,12.62064771,13,16.25,19,28.75,60
Erbaluce,3,88,0,88,88,88,88,88,3,28.66666667,10.96965511,16,25.5,35,35,35
Falanghina,75,87.26666667,1.638500743,83,86,87,88,92,75,21.01333333,7.849071788,12,16,18,23,50
Favorita,1,90,,90,90,90,90,90,1,40,,40,40,40,40,40
Fer Servadou,4,87,0,87,87,87,87,87,4,16.5,1.732050808,15,15,16.5,18,18
Fernão Pires,28,87.35714286,2.857275129,83,85,87,90,93,28,20.92857143,16.86532399,6,11.75,14.5,20,77
Feteasca,2,87.5,0.707106781,87,87.25,87.5,87.75,88,2,17.5,6.363961031,13,15.25,17.5,19.75,22
Feteasca Neagra,7,87.85714286,1.069044968,86,87.5,88,88.5,89,7,15.28571429,5.765248931,9,11,12,21,22
Feteascǎ Regalǎ,6,86.83333333,0.98319208,85,87,87,87,88,6,10.16666667,1.834847859,7,9.5,11,11,12
Fiano,130,88.35384615,2.278519642,82,87,88,90,94,130,27.59230769,12.02819437,10,20,24,30.75,88
Folle Blanche,1,85,,85,85,85,85,85,1,16,,16,16,16,16,16
Forcallà,1,83,,83,83,83,83,83,1,27,,27,27,27,27,27
Francisa,1,91,,91,91,91,91,91,1,160,,160,160,160,160,160
Franconia,1,86,,86,86,86,86,86,1,16,,16,16,16,16,16
Frankovka,1,88,,88,88,88,88,88,1,24,,24,24,24,24,24
Frappato,36,87.5,1.949358869,84,86,87,89.25,91,36,22.5,7.439277999,13,16.75,21,24.5,42
Freisa,2,86.5,0.707106781,86,86.25,86.5,86.75,87,2,21,1.414213562,20,20.5,21,21.5,22
Friulano,112,88.01785714,1.805807163,84,87,88,89,94,112,23.71428571,10.98764955,10,18,21.5,26.25,90
Früburgunder,1,90,,90,90,90,90,90,1,40,,40,40,40,40,40
Fumé Blanc,70,87.95714286,2.970559476,82,86,88,90,95,70,22.7,13.2318785,9,14,19,24,75
Furmint,55,89.8,2.222777708,83,89,90,90,96,55,45.03636364,106.8682061,14,20,25,32.5,764
G-S-M,180,88.95555556,2.861460779,81,87,89,91,95,180,34.46111111,13.95898377,8,25,34,42,85
Gaglioppo,14,86.64285714,1.984832597,82,86,86.5,87.75,91,14,21.21428571,10.73583913,12,13.5,18.5,23.75,52
Gamay,836,88.17703349,2.534504178,82,86,88,90,94,836,20.69976077,11.00330054,9,15,20,24,224
Gamay Noir,22,87.72727273,2.074374678,82,87,88,89,91,22,23,3.625307869,16,20.25,24,25,29
Gamza,1,89,,89,89,89,89,89,1,11,,11,11,11,11,11
Garganega,218,87.61009174,2.103166143,84,86,87,88,95,218,20.64678899,10.07296028,10,14,17,25,63
Garnacha,325,85.94153846,2.753162733,80,84,86,88,95,325,23.17538462,33.27128499,5,10,14,20,290
Garnacha Blanca,38,86.21052632,2.417927354,80,85,87,88,91,38,18.71052632,9.337248552,8,12,17,20,49
Garnacha Blend,2,87.5,2.121320344,86,86.75,87.5,88.25,89,2,19,12.72792206,10,14.5,19,23.5,28
Garnacha Tintorera,8,87.125,2.748376144,84,84.75,87,89.25,91,8,16.75,11.5974135,10,11,13.5,15,45
Garnacha-Cabernet,1,85,,85,85,85,85,85,1,13,,13,13,13,13,13
Garnacha-Cariñena,1,93,,93,93,93,93,93,1,57,,57,57,57,57,57
Garnacha-Monastrell,3,87,2,85,86,87,88,89,3,11.66666667,3.785938897,9,9.5,10,13,16
Garnacha-Syrah,13,84.61538462,1.502135232,82,83,85,86,87,13,13.23076923,4.548879828,8,10,12,15,25
Garnacha-Tempranillo,6,86.33333333,1.032795559,85,85.5,87,87,87,6,11,3.098386677,8,10,10,10.75,17
Gelber Muskateller,23,89.08695652,1.703286755,87,88,89,90.5,92,23,25.60869565,16.61253396,17,19.5,22,24,99
Gelber Traminer,1,95,,95,95,95,95,95,1,35,,35,35,35,35,35
Gewürztraminer,956,88.60983264,2.800050032,80,87,89,90,96,956,26.2834728,15.96108418,6,17,22,30,197
Gewürztraminer-Riesling,7,86.57142857,3.154739443,82,84.5,88,88,91,7,23.71428571,17.25991778,11,13.5,15,26.5,60
Glera,604,87.36754967,1.981842942,82,86,87,88,93,604,20.11754967,7.443836585,5,15,18,22,75
Godello,77,86.88311688,2.400515438,80,85,87,88,91,77,22.50649351,10.26186525,12,18,20,23,70
Gouveio,2,88.5,0.707106781,88,88.25,88.5,88.75,89,2,22.5,4.949747468,19,20.75,22.5,24.25,26
Graciano,42,88.54761905,2.624484906,82,87,88.5,91,94,42,46.30952381,39.17782355,10,22,30,49.5,147
Gragnano,2,82.5,2.121320344,81,81.75,82.5,83.25,84,2,16.5,0.707106781,16,16.25,16.5,16.75,17
Grauburgunder,13,88.92307692,1.754116039,86,88,89,90,91,13,24.53846154,8.23220692,12,22,24,24,48
Graševina,1,89,,89,89,89,89,89,1,20,,20,20,20,20,20
Grecanico,7,87.42857143,2.299068134,86,86,86,88,92,7,21.14285714,11.00649159,11,15,19,22,44
Grechetto,11,86.90909091,1.513574937,85,86,87,88,90,11,16.81818182,3.092512953,10,15,18,19,20
Greco,111,88.54054054,2.05728764,83,87,89,90,94,111,26.57657658,10.60835824,13,20,24,30,60
Greco Bianco,2,86,1.414213562,85,85.5,86,86.5,87,2,16.5,6.363961031,12,14.25,16.5,18.75,21
Grenache,648,88.96450617,2.863235932,81,87,89,91,97,648,35.68055556,19.51224698,6,25,32,40,230
Grenache Blanc,128,88.8046875,2.046924306,82,88,89,90,93,128,25.1171875,4.450287249,17,22,25,27,40
Grenache Blend,10,86.7,3.591656999,83,85,86,87.5,95,10,22.7,17.47410783,9,10.5,17.5,23.75,65
Grenache Gris,1,87,,87,87,87,87,87,1,22,,22,22,22,22,22
Grenache Noir,3,89,2.645751311,86,88,90,90.5,91,3,28.33333333,16.86218649,9,22.5,36,38,40
Grenache-Carignan,17,89.76470588,2.750668368,84,88,91,92,93,17,27.82352941,12.4360127,13,21,25,30,60
Grenache-Mourvèdre,6,88,2.607680962,84,87.25,88,88.75,92,6,33.16666667,17.41742423,16,18.25,31.5,42.5,60
Grenache-Shiraz,4,88,2.449489743,85,86.5,88.5,90,90,4,25.5,11.44552314,12,18,27.5,35,35
Grenache-Syrah,50,88.58,2.893271575,83,87,88.5,91,94,50,31.04,17.2140901,8,15,27,42,70
Grignolino,1,85,,85,85,85,85,85,1,17,,17,17,17,17,17
Grillo,109,86.93577982,1.916184622,82,86,87,88,93,109,17.79816514,6.645493901,8,13,17,20,40
Grolleau,3,87.33333333,4.618802154,82,86,90,90,90,3,39.33333333,25.40341184,10,32,54,54,54
Groppello,2,87,0,87,87,87,87,87,2,23,0,23,23,23,23,23
Gros Manseng,22,88.13636364,1.884661257,86,86.25,88,89.75,92,22,18.04545455,4.845000101,12,15,17,22.25,26
Gros Plant,1,86,,86,86,86,86,86,1,16,,16,16,16,16,16
Gros and Petit Manseng,42,89.64285714,1.960853828,86,88,89.5,92,93,42,20.92857143,5.960818642,11,18,18.5,23.5,39
Grüner Veltliner,1145,90.01572052,2.279759877,83,88,90,92,96,1145,27.78078603,35.22294103,9,16,22,31,1100
Hondarrabi Zuri,17,86.17647059,2.743977362,80,85,86,88,90,17,21.17647059,3.876778529,12,19,20,24,29
Hárslevelü,2,89.5,0.707106781,89,89.25,89.5,89.75,90,2,28,2.828427125,26,27,28,29,30
Incrocio Manzoni,3,88,1,87,87.5,88,88.5,89,3,26.33333333,3.214550254,24,24.5,25,27.5,30
Insolia,26,86.65384615,1.19807538,84,86,86.5,87,89,26,16.88461538,5.006611014,10,12.25,16,20.75,27
Inzolia,27,85.96296296,1.285465539,83,85.5,86,87,88,27,14.92592593,5.07577903,7,12.5,14,16,33
Irsai Oliver,1,87,,87,87,87,87,87,1,13,,13,13,13,13,13
Jacquez,3,85,2.645751311,82,84,86,86.5,87,3,34.33333333,9.814954576,23,31.5,40,40,40
Jacquère,23,87.60869565,1.405803893,85,86.5,88,89,90,23,16.86956522,1.890270491,14,16,16,18,20
Jaen,6,89.83333333,3.188521078,86,87.25,90,92.75,93,6,31,5.585696018,20,32,32,34.25,35
Jampal,1,88,,88,88,88,88,88,1,25,,25,25,25,25,25
Johannisberg Riesling,8,86.25,1.982062418,83,84.75,87,88,88,8,8.875,3.090885218,6,7,7.5,9.75,15
Kadarka,2,88,1.414213562,87,87.5,88,88.5,89,2,24,5.656854249,20,22,24,26,28
Kalecik Karasi,15,89.13333333,1.552264091,86,88.5,90,90,91,15,24.8,9.104159175,15,18,25,27,40
Kangoun,1,87,,87,87,87,87,87,1,14,,14,14,14,14,14
Karalahna,1,87,,87,87,87,87,87,1,15,,15,15,15,15,15
Karasakiz,1,89,,89,89,89,89,89,1,15,,15,15,15,15,15
Kekfrankos,10,87.2,3.047767854,81,87,88,88.75,91,10,29.5,15.82016997,17,19.25,25.5,33,70
Kerner,26,88.84615385,2.03356451,87,87.25,88,89.75,95,26,23.34615385,5.43280633,18,20,22,25,44
Kinali Yapincak,1,84,,84,84,84,84,84,1,15,,15,15,15,15,15
Kisi,6,87.33333333,2.250925735,83,87.25,88,88.75,89,6,20.16666667,3.488074923,15,19,19.5,22.25,25
Kotsifali,1,92,,92,92,92,92,92,1,13,,13,13,13,13,13
Kuntra,1,86,,86,86,86,86,86,1,15,,15,15,15,15,15
Lagrein,78,88.56410256,1.51691539,84,88,89,90,91,78,32.87179487,13.09937936,15,21,30,42.25,70
Lambrusco,42,84.80952381,2.039106634,82,83.25,84,86,90,42,15.66666667,4.257943318,6,13.25,16.5,18.75,24
Lambrusco Grasparossa,16,87.375,1.784189825,84,86,87,89,91,16,18.25,4.057914078,12,16.75,18,19.5,25
Lambrusco Salamino,3,88.66666667,2.309401077,86,88,90,90,90,3,20,5.196152423,14,18.5,23,23,23
Lambrusco di Sorbara,17,89.58823529,2.265469695,85,89,90,91,93,17,20.52941176,5.745842487,14,16,18,25,30
Lemberger,36,87.27777778,1.798588512,82,86,87,88,91,36,21.58333333,9.25318478,7,16,19,25,51
Listán Negro,3,87.66666667,2.886751346,86,86,86,88.5,91,3,28.33333333,14.43375673,20,20,20,32.5,45
Loin de l'Oeil,6,90.83333333,1.602081979,88,90.25,91.5,92,92,6,27.33333333,6.742897498,16,24.75,30,30,35
Loureiro,24,87.25,2.048329118,84,86,87,88.25,92,24,12.875,4.513867521,7,10,12,14.25,25
Loureiro-Arinto,1,86,,86,86,86,86,86,1,10,,10,10,10,10,10
Macabeo,23,85.43478261,2.904950116,81,83.5,85,86.5,93,23,17.7826087,13.01382664,8,10,13,20,53
Macabeo-Chardonnay,4,85,1.632993162,83,84.5,85,85.5,87,4,11.75,2.061552813,9,11.25,12,12.5,14
Macabeo-Moscatel,1,85,,85,85,85,85,85,1,8,,8,8,8,8,8
Madeira Blend,2,89,1.414213562,88,88.5,89,89.5,90,2,45.5,4.949747468,42,43.75,45.5,47.25,49
Madeleine Angevine,2,85.5,0.707106781,85,85.25,85.5,85.75,86,2,17.5,0.707106781,17,17.25,17.5,17.75,18
Magliocco,2,90,0,90,90,90,90,90,2,30,7.071067812,25,27.5,30,32.5,35
Malagousia,12,88.5,2.067057637,85,87,88,89.25,92,12,20.58333333,3.203927514,16,18,20,23,25
Malagouzia,4,88.5,1.732050808,86,88.25,89,89.25,90,4,20,1.632993162,18,19.5,20,20.5,22
Malagouzia-Chardonnay,1,86,,86,86,86,86,86,1,8,,8,8,8,8,8
Malbec,2593,87.97030467,3.106439539,80,86,88,90,97,2593,29.9267258,26.74502433,5,15,22,35,400
Malbec Blend,2,90.5,2.121320344,89,89.75,90.5,91.25,92,2,66.5,40.30508653,38,52.25,66.5,80.75,95
Malbec-Bonarda,5,86.4,3.577708764,82,84,86,90,90,5,17.8,11.43241007,5,8,20,23,33
Malbec-Cabernet,3,91.66666667,2.309401077,89,91,93,93,93,3,113.3333333,61.71169527,45,87.5,130,147.5,165
Malbec-Cabernet Franc,11,88.36363636,2.907670108,84,86.5,87,91,92,11,38,27.3642102,13,20,30,45,100
Malbec-Cabernet Sauvignon,58,88.44827586,3.277635079,80,86,89,91,94,58,41.25862069,39.75740485,10,15,21.5,52.5,169
Malbec-Carménère,1,91,,91,91,91,91,91,1,43,,43,43,43,43,43
Malbec-Merlot,86,88.30232558,2.291004236,83,87,88,90,93,86,19.68604651,7.905711454,9,16,17,21,50
Malbec-Petit Verdot,4,91,0,91,91,91,91,91,4,39.5,10.96965511,30,30,39.5,49,49
Malbec-Syrah,19,85.52631579,1.743827879,82,84.5,85,87,89,19,18.10526316,16.05163452,4,10.5,13,19,78
Malbec-Tannat,16,90.6875,3.135150182,83,91,92,92,93,16,33.9375,18.31017477,15,24,24,50,80
Malbec-Tempranillo,2,86.5,0.707106781,86,86.25,86.5,86.75,87,2,11,4.242640687,8,9.5,11,12.5,14
Malvar,2,84.5,4.949747468,81,82.75,84.5,86.25,88,2,23.5,16.26345597,12,17.75,23.5,29.25,35
Malvasia,41,86.70731707,2.803960613,80,85,87,88,93,41,24.95121951,12.99221155,9,16,20,30,66
Malvasia Bianca,16,88.5625,1.931105038,85,87,89,90,92,16,22.75,5.026595932,15,19.5,24,26.5,30
Malvasia Fina,2,88,1.414213562,87,87.5,88,88.5,89,2,23.5,4.949747468,20,21.75,23.5,25.25,27
Malvasia Istriana,8,86.75,1.752549164,84,86.5,87,87,90,8,20.75,6.158617656,15,16,18.5,24,30
Malvasia Nera,6,87.16666667,1.834847859,84,87,87,88.5,89,6,39.33333333,30.94295827,14,15.25,25.5,67.25,78
Malvasia di Candia,2,87,1.414213562,86,86.5,87,87.5,88,2,22.5,0.707106781,22,22.25,22.5,22.75,23
Malvasia-Viura,3,85,3.605551275,82,83,84,86.5,89,3,17.66666667,11.59022577,10,11,12,21.5,31
Mandilaria,2,88.5,2.121320344,87,87.75,88.5,89.25,90,2,25,0,25,25,25,25,25
Mansois,3,87.33333333,0.577350269,87,87,87,87.5,88,3,17,1.732050808,16,16,16,17.5,19
Mantonico,5,88.4,1.673320053,87,87,88,89,91,5,27.8,3.033150178,24,25,30,30,30
Manzoni,5,86.8,1.303840481,85,86,87,88,88,5,22.6,9.964938535,14,16,17,29,37
Marawi,3,87.66666667,0.577350269,87,87.5,88,88,88,3,35,0,35,35,35,35,35
Maria Gomes,2,88,0,88,88,88,88,88,2,11,0,11,11,11,11,11
Maria Gomes-Bical,1,86,,86,86,86,86,86,1,25,,25,25,25,25,25
Marquette,2,84.5,2.121320344,83,83.75,84.5,85.25,86,2,18,1.414213562,17,17.5,18,18.5,19
Marsanne,65,88.13846154,2.680233916,81,87,88,90,92,65,33.01538462,19.31926848,12,22,27,35,109
Marsanne-Roussanne,22,87.40909091,3.246376602,80,86.25,88,89.75,92,22,30.40909091,13.87584091,11,22.5,28,35,74
Marsanne-Viognier,2,86.5,3.535533906,84,85.25,86.5,87.75,89,2,27.5,10.60660172,20,23.75,27.5,31.25,35
Marselan,4,88.75,1.258305739,87,88.5,89,89.25,90,4,34,22.21110833,12,16.5,34,51.5,56
Marzemino,3,86.33333333,1.527525232,85,85.5,86,87,88,3,52.33333333,67.26316476,13,13.5,14,72,130
Mataro,10,89.5,2.592724864,85,88,90,90.75,94,10,48.1,36.7648685,15,28,30,66.25,135
Maturana,6,86.5,2.258317958,82,87,87,87.75,88,6,57.5,32.67261851,20,41.25,45,78.75,105
Mauzac,7,87.71428571,1.889822365,86,86,87,89.5,90,7,18,3.055050463,15,16,18,18.5,24
Mavrodaphne,5,86.4,1.516575089,85,85,86,88,88,5,16,8,11,11,13,15,30
Mavrokalavryta,1,86,,86,86,86,86,86,1,15,,15,15,15,15,15
Mavrotragano,1,90,,90,90,90,90,90,1,50,,50,50,50,50,50
Mavroudi,1,87,,87,87,87,87,87,1,12,,12,12,12,12,12
Mavrud,7,87.85714286,2.410295378,84,86.5,89,89.5,90,7,14.14285714,2.794552524,9,13,15,16,17
Mazuelo,4,87.75,2.5,85,86.5,87.5,88.75,91,4,78.25,38.56920188,21,74.25,93.5,97.5,105
Melnik,3,88.66666667,0.577350269,88,88.5,89,89,89,3,22.33333333,2.081665999,20,21.5,23,23.5,24
Melon,241,88.55186722,2.418334189,83,87,88,91,93,241,17.17012448,7.481094198,8,13,15,19,80
Mencía,173,88.71098266,2.848448306,80,87,89,91,93,173,28.0982659,19.11886465,8,16,21,32,113
Meritage,259,87.57528958,2.582950849,81,86,88,89,94,259,35.57142857,16.52850821,9,23,34,48,125
Merlot,3062,87.2011757,2.968751321,80,85,87,89,100,3062,29.54343566,33.34088203,4,15,24,35,625
Merlot-Argaman,1,85,,85,85,85,85,85,1,12,,12,12,12,12,12
Merlot-Cabernet,11,88.09090909,2.165850662,86,86.5,88,88.5,92,11,22.54545455,19.13825298,8,10,19,27,75
Merlot-Cabernet Franc,22,88.86363636,1.909760757,86,88,89,90,94,22,38.72727273,10.42972774,22,30,42.5,45,60
Merlot-Cabernet Sauvignon,33,87.3030303,2.297890996,84,86,87,88,94,33,31.57575758,28.11364249,8,12,16,45,96
Merlot-Grenache,1,89,,89,89,89,89,89,1,10,,10,10,10,10,10
Merlot-Malbec,6,87,1.095445115,86,86.25,87,87,89,6,28.66666667,27.79688232,12,16.25,20,20,85
Merlot-Petite Verdot,1,83,,83,83,83,83,83,1,20,,20,20,20,20,20
Merlot-Shiraz,1,86,,86,86,86,86,86,1,18,,18,18,18,18,18
Merlot-Syrah,2,88.5,0.707106781,88,88.25,88.5,88.75,89,2,21,4.242640687,18,19.5,21,22.5,24
Merlot-Tannat,3,89.33333333,3.511884584,86,87.5,89,91,93,3,18.33333333,7.637626158,10,15,20,22.5,25
Merseguera-Sauvignon Blanc,1,85,,85,85,85,85,85,1,9,,9,9,9,9,9
Meseguera,1,91,,91,91,91,91,91,1,35,,35,35,35,35,35
Misket,1,85,,85,85,85,85,85,1,19,,19,19,19,19,19
Mission,7,89.42857143,3.359421719,85,88,89,90,96,7,53.42857143,62.63879826,14,17,18,79,150
Molinara,1,87,,87,87,87,87,87,1,25,,25,25,25,25,25
Monastrell,146,87.23972603,2.747550118,81,85,87,89,97,146,19.95205479,14.27625576,8,11,15,21,88
Monastrell-Petit Verdot,2,88,1.414213562,87,87.5,88,88.5,89,2,19.5,4.949747468,16,17.75,19.5,21.25,23
Monastrell-Syrah,21,86.23809524,2.527939119,82,84,86,88,92,21,18.76190476,10.65319089,9,12,13,24,45
Mondeuse,13,87.30769231,1.436698495,85,86,87,88,90,13,25.84615385,10.35089492,19,19,22,25,48
Monica,4,86.5,1.732050808,85,85,86.5,88,88,4,16,2.828427125,14,14,15,17,20
Montepulciano,201,86.86567164,2.101634048,80,85,87,88,94,201,25.45273632,18.14769972,7,14,19,32,105
Morava,1,87,,87,87,87,87,87,1,26,,26,26,26,26,26
Morillon,7,89.57142857,1.718249386,88,88.5,89,90,93,7,29.71428571,14.78416141,22,23,25,26,63
Morio Muskat,2,87,4.242640687,84,85.5,87,88.5,90,2,17,1.414213562,16,16.5,17,17.5,18
Moscadello,3,89.33333333,4.163331999,86,87,88,91,94,3,40,13.22875656,30,32.5,35,45,55
Moscatel,54,88.31481481,3.113113312,81,86.25,88,90.75,94,54,35.72222222,33.53647221,9,18,20.5,35,137
Moscatel Graúdo,2,87.5,0.707106781,87,87.25,87.5,87.75,88,2,13,0,13,13,13,13,13
Moscatel Roxo,4,89.25,2.753785274,86,87.5,89.5,91.25,92,4,22,3.464101615,19,19,22,25,25
Moscatel de Alejandría,3,85.33333333,2.516611478,83,84,85,86.5,88,3,18.66666667,7.234178138,14,14.5,15,21,27
Moscato,330,86.23333333,2.702601096,80,84,86,88,95,330,16.95151515,11.33534487,5,11,14,19,90
Moscato Giallo,13,87.15384615,2.339734809,85,86,87,88,94,13,22.53846154,8.837565508,15,19,20,25,50
Moscato Rosa,2,90,0,90,90,90,90,90,2,33.5,4.949747468,30,31.75,33.5,35.25,37
Moscato di Noto,1,92,,92,92,92,92,92,1,40,,40,40,40,40,40
Moschofilero,36,88.11111111,2.213952868,85,86,88,89.25,93,36,15.13888889,2.380309437,10,13.75,15,17,20
Moschofilero-Chardonnay,1,85,,85,85,85,85,85,1,13,,13,13,13,13,13
Mourvèdre,226,89.2699115,2.877140091,81,87,90,92,95,226,35.07079646,12.4734148,13,28,34,40,95
Mourvèdre-Syrah,3,91,3.605551275,87,89.5,92,93,94,3,43.66666667,28.9194283,18,28,38,56.5,75
Mtsvane,4,87.75,1.707825128,86,86.75,87.5,88.5,90,4,20.75,8.098353742,13,14.5,20,26.25,30
Muscadel,1,88,,88,88,88,88,88,1,30,,30,30,30,30,30
Muscadelle,10,92.5,3.597838857,89,90,90.5,94,99,10,111.2,122.5622744,16,27.5,47,140,350
Muscadine,2,85.5,0.707106781,85,85.25,85.5,85.75,86,2,22.5,3.535533906,20,21.25,22.5,23.75,25
Muscat,126,88.72222222,3.258561373,82,86.25,88,90,100,126,30.27777778,42.02830263,7,15,19.5,30,350
Muscat Blanc,12,88.41666667,3.058767825,81,87.75,89,90,92,12,21,4.285281363,18,18.75,20,20,30
Muscat Blanc à Petits Grains,2,87,0,87,87,87,87,87,2,16,5.656854249,12,14,16,18,20
Muscat Canelli,36,87.5,2.971291206,83,86,87,88.25,95,36,20.55555556,9.775901696,8,12,18.5,25.75,50
Muscat Hamburg,4,88,1.632993162,86,87.5,88,88.5,90,4,18.75,10.4363148,9,11.25,17,24.5,32
Muscat d'Alexandrie,3,86.33333333,2.081665999,84,85.5,87,87.5,88,3,18.66666667,5.507570547,15,15.5,16,20.5,25
Muscat of Alexandria,3,87,3.605551275,84,85,86,88.5,91,3,19.66666667,5.686240703,15,16.5,18,22,26
Muscatel,3,87.33333333,0.577350269,87,87,87,87.5,88,3,17.66666667,2.309401077,15,17,19,19,19
Muskat,3,89,1.732050808,88,88,88,89.5,91,3,18,8.660254038,13,13,13,20.5,28
Muskat Ottonel,21,86.23809524,2.567192278,80,85,86,89,90,21,14.80952381,4.664965676,7,12,13,20,22
Muskateller,5,86.8,1.483239697,85,86,87,87,89,5,26,4.74341649,22,23,25,26,34
Müller-Thurgau,46,86.95652174,2.511807864,80,86,87,88,93,46,20.23913043,7.686018425,7,15.25,19,21,40
Narince,7,87.14285714,1.67616342,84,87,87,88,89,7,21.28571429,5.407226206,15,18,18,25,30
Nascetta,4,87.75,1.707825128,86,86.75,87.5,88.5,90,4,27,6.377042157,18,25.5,28.5,30,33
Nasco,2,90.5,0.707106781,90,90.25,90.5,90.75,91,2,37.5,24.74873734,20,28.75,37.5,46.25,55
Nebbiolo,2331,90.33118833,2.748415276,80,88,90,92,99,2331,65.60960961,42.91949118,12,43,56,77,595
Negrette,16,87.625,1.927865832,83,86.75,88,88.25,91,16,20.5625,7.491940114,11,17.5,19,21,45
Negroamaro,74,86.7027027,1.685796667,82,86,87,88,91,74,18.90540541,12.4704241,9,13,15,20,100
Nerello Cappuccio,6,89.83333333,1.834847859,88,88.25,89.5,91.5,92,6,36.83333333,11.23239363,25,27.5,35.5,46.5,50
Nerello Mascalese,111,89.73873874,2.765737487,82,88,90,92,97,111,41.14414414,29.8175808,10,23,35,51,225
Nero d'Avola,326,87.50920245,2.114763047,82,86,87,89,94,326,23.33435583,15.47151777,8,14,18,30,90
Nero di Troia,18,87.77777778,1.864704851,85,86,87.5,89,92,18,28.44444444,18.34384725,14,16.25,20,34.5,75
Neuburger,7,90.71428571,1.380131119,89,89.5,91,92,92,7,24.71428571,4.644505202,21,21,21,29.5,30
Nielluciu,3,89,1,88,88.5,89,89.5,90,3,23.33333333,1.154700538,22,23,24,24,24
Norton,16,84,1.460593487,82,83,84,85,86,16,25.3125,9.097389736,12,17.75,25,32,39
Nosiola,8,88.125,2.850438563,85,86,88,89,94,8,30.875,15.23564899,14,17.75,27.5,47.25,48
Nuragus,3,88.33333333,0.577350269,88,88,88,88.5,89,3,16,0,16,16,16,16,16
Ojaleshi,1,88,,88,88,88,88,88,1,18,,18,18,18,18,18
Okuzgozu,8,89.5,1.8516402,87,88,89.5,90.5,92,8,23.875,7.642690252,14,19.25,21.5,30,35
Ondenc,1,90,,90,90,90,90,90,1,15,,15,15,15,15,15
Orange Muscat,20,88.2,3.053901732,82,86.75,87.5,90.5,93,20,20.05,8.846497969,14,16,18,20.25,55
Orangetraube,1,90,,90,90,90,90,90,1,22,,22,22,22,22,22
Other,2,89,0,89,89,89,89,89,2,27,0,27,27,27,27,27
Otskhanuri Sapere,1,90,,90,90,90,90,90,1,30,,30,30,30,30,30
Pallagrello,9,87.77777778,1.715938357,85,87,88,89,90,9,35.77777778,17.85901577,16,19,31,53,58
Pallagrello Bianco,5,87.6,0.547722558,87,87,88,88,88,5,31.6,10.99090533,20,24,30,36,48
Pallagrello Nero,5,87.8,1.483239697,86,87,88,88,90,5,41,15.77973384,24,24,50,50,57
Palomino,18,89.05555556,1.830211245,86,87.25,89.5,90,92,18,37.61111111,39.42101394,13,20,26,30.5,175
Pansa Blanca,14,85.57142857,2.027286391,83,84,85.5,87,89,14,17.78571429,6.773007188,12,14,14.5,21.5,35
Papaskarasi,3,86.66666667,2.309401077,84,86,88,88,88,3,21.33333333,2.309401077,20,20,20,22,24
Paralleda,1,83,,83,83,83,83,83,1,11,,11,11,11,11,11
Parraleta,1,86,,86,86,86,86,86,1,14,,14,14,14,14,14
Passerina,20,85.9,1.483239697,84,85,86,86,91,20,16.75,5.571308077,12,13.75,14,19,35
País,1,83,,83,83,83,83,83,1,18,,18,18,18,18,18
Pecorino,46,87.23913043,1.319676435,85,86,87,88,90,46,19.91304348,7.051638382,11,16,19,21.5,55
Pedro Ximénez,42,89.73809524,3.193434758,83,88,90.5,91,96,42,31.38095238,41.9715074,9,15,23.5,29,258
Perricone,7,88.71428571,1.603567451,87,87.5,88,90,91,7,27.28571429,8.95757195,18,22,27,28.5,45
Petit Courbu,1,88,,88,88,88,88,88,1,19,,19,19,19,19,19
Petit Manseng,50,89.52,3.49483584,83,86.25,90,92,95,50,30.9,17.37961508,11,24,28,32,128
Petit Verdot,265,88.30943396,2.614518334,80,86,88,90,94,265,39.60754717,19.77689815,12,30,35,45,199
Petite Sirah,768,88.19921875,3.127561694,80,86,88,91,95,768,31.46614583,12.95449461,8,24,30,38,115
Petite Verdot,30,88.63333333,2.999808423,83,86.25,89,91,94,30,45,30.05167962,22,30,35,47.5,145
Picapoll,1,82,,82,82,82,82,82,1,21,,21,21,21,21,21
Picolit,22,91.5,2.444624813,88,90,90.5,93,97,22,70.09090909,26.49152441,20,55,66,90,125
Picpoul,17,87.82352941,2.429899538,84,86,88,90,93,17,20.47058824,8.581358044,10,13,20,25,37
Piedirosso,13,86.69230769,2.358835001,81,86,87,88,91,13,21.30769231,10.08616722,12,17,18,20,50
Pigato,2,84,0,84,84,84,84,84,2,23,0,23,23,23,23,23
Pignoletto,3,83.66666667,1.527525232,82,83,84,84.5,85,3,16.33333333,1.527525232,15,15.5,16,17,18
Pignolo,1,92,,92,92,92,92,92,1,70,,70,70,70,70,70
Pinot Auxerrois,12,87.08333333,2.64431924,82,86.5,87,89.25,90,12,25.83333333,11.62937764,11,19.75,21,29.5,45
Pinot Bianco,144,88.47916667,1.866033338,84,87,88,90,95,144,25.42361111,15.52466112,10,18,22,30,165
Pinot Blanc,386,87.89378238,2.418889451,80,86,88,90,93,386,20.86010363,9.287674502,8,15,19,23,90
Pinot Blanc-Chardonnay,4,87.75,1.707825128,86,86.75,87.5,88.5,90,4,23.5,2.516611478,21,22.5,23,24,27
Pinot Blanc-Pinot Noir,1,85,,85,85,85,85,85,1,16,,16,16,16,16,16
Pinot Blanc-Viognier,1,87,,87,87,87,87,87,1,19,,19,19,19,19,19
Pinot Grigio,1002,86.26447106,2.087715645,80,85,86,88,92,1002,16.54191617,7.027187073,4,11.25,15,20,70
Pinot Grigio-Sauvignon Blanc,1,87,,87,87,87,87,87,1,35,,35,35,35,35,35
Pinot Gris,1391,88.52048886,2.635830322,80,87,88,90,96,1391,23.07404745,13.71207977,9,16,19,25,135
Pinot Gris-Gewürztraminer,1,90,,90,90,90,90,90,1,20,,20,20,20,20,20
Pinot Meunier,44,89,2.362497693,82,88,89,91,94,44,46.93181818,27.15964665,17,29.75,39,59,145
Pinot Nero,159,88.74842767,1.938838728,83,88,89,90,94,159,35.20754717,17.68360303,9,22,30,45,150
Pinot Noir,12787,89.40885274,3.131740569,80,87,90,92,99,12787,47.52889654,47.60943421,5,28,42,55,2500
Pinot Noir-Gamay,17,85.82352941,1.740520544,84,85,85,87,90,17,19.11764706,7.614807556,10,14,18,22,35
Pinot Noir-Syrah,3,88,5,83,85.5,88,90.5,93,3,38.66666667,36.2950869,12,18,24,52,80
Pinot-Chardonnay,6,89.5,0.836660027,88,89.25,90,90,90,6,29.16666667,5.671566509,23,28,28,28,40
Pinotage,132,87.24242424,2.26530827,82,86,87,89,93,132,24.40151515,32.6393337,10,12,18,27.25,275
Pinotage-Merlot,1,84,,84,84,84,84,84,1,10,,10,10,10,10,10
Piquepoul Blanc,1,88,,88,88,88,88,88,1,13,,13,13,13,13,13
Plavac Mali,17,87.58823529,2.42535625,82,87,88,89,91,17,34,17.81852968,12,20,27,45,65
Plyto,2,87,0,87,87,87,87,87,2,19.5,0.707106781,19,19.25,19.5,19.75,20
Port,499,90.01002004,3.248400873,83,88,90,92,100,499,64.67935872,102.1442666,12,25,40,70,1000
Portuguese Red,2196,88.86429872,2.997763861,81,87,88,91,100,2196,24.81921676,25.53947527,5,12,17,28,450
Portuguese Rosé,11,84.72727273,2.053821272,81,84,84,86,89,11,17.09090909,11.37061604,7,9,15,18,45
Portuguese Sparkling,50,85.98,1.889714372,83,85,85.5,87,92,50,17.72,8.261145841,7,12,16.5,20,45
Portuguese White,986,86.94827586,2.378491197,80,85,87,88,95,986,15.34482759,9.282632581,5,10,12.5,18,95
Portuguiser,2,86,0,86,86,86,86,86,2,15,0,15,15,15,15,15
Posip,8,87.875,0.991031209,86,87.75,88,88.25,89,8,25.125,2.642374473,20,24,25,27.25,28
Poulsard,3,87.33333333,2.081665999,85,86.5,88,88.5,89,3,26,1.732050808,25,25,25,26.5,28
Premsal,1,83,,83,83,83,83,83,1,15,,15,15,15,15,15
Prieto Picudo,15,86.13333333,2.47463321,83,84.5,86,87,92,15,39.4,19.97426916,15,22,37,52.5,80
Primitivo,203,86.96551724,2.527823997,81,85,87,89,93,203,24.98522167,10.91528034,5,18,24,30,80
Prié Blanc,5,88.2,0.836660027,87,88,88,89,89,5,24.2,3.633180425,20,22,23,28,28
Prosecco,201,86.41293532,1.704004648,82,85,86,87,91,201,19.35820896,6.34358296,10,15,18,21,48
Provence red blend,59,90.11864407,2.633240732,84,88,91,92,95,59,29.93220339,11.23090626,13,23,28,36,66
Provence white blend,34,88,1.576340219,86,87,88,88.75,92,34,23.64705882,8.380649982,14,18.25,23,25.75,45
Prugnolo Gentile,32,88.71875,3.381490175,85,87,88,90,100,32,47.53125,50.64550063,13,19.75,32,53.25,237
Prunelard,1,91,,91,91,91,91,91,1,23,,23,23,23,23,23
Pugnitello,3,87.66666667,1.154700538,87,87,87,88,89,3,49,0,49,49,49,49,49
Rabigato,2,89,0,89,89,89,89,89,2,34,22.627417,18,26,34,42,50
Raboso,15,86.4,2.028370211,82,85,87,87.5,89,15,25.26666667,17.37184367,11,14,23,30,80
Ramisco,1,93,,93,93,93,93,93,1,495,,495,495,495,495,495
Rara Neagra,2,89.5,0.707106781,89,89.25,89.5,89.75,90,2,17.5,2.121320344,16,16.75,17.5,18.25,19
Rebo,2,88,1.414213562,87,87.5,88,88.5,89,2,27,11.3137085,19,23,27,31,35
Rebula,3,88,1,87,87.5,88,88.5,89,3,22.66666667,4.041451884,18,21.5,25,25,25
Red Blend,8476,88.3797782,2.800810965,80,87,88,90,99,8476,35.88119396,30.31807655,5,18,28,45,500
Refosco,9,86.55555556,1.509230856,84,86,87,87,89,9,28.22222222,15.70650962,14,16,19,45,50
Rhône-style Red Blend,1405,89.13594306,2.828053763,80,87,89,91,98,1405,34.9252669,24.9855108,7,20,30,44,500
Rhône-style White Blend,418,88.48803828,2.485661612,83,87,88,90,95,418,32.45215311,25.04650557,9,20,25,36.75,253
Ribolla Gialla,83,87.5060241,2.050422288,82,86,87,88,94,83,27.36144578,19.92704885,12,18,22,27,120
Rieslaner,4,88.75,0.957427108,88,88,88.5,89.25,90,4,39,5.656854249,35,35,37,41,47
Riesling,4972,89.4380531,2.856379828,80,87,89,91,98,4972,32.00040225,43.06129113,5,16,22,34,775
Riesling-Chardonnay,1,94,,94,94,94,94,94,1,40,,40,40,40,40,40
Rivaner,3,86.66666667,1.527525232,85,86,87,87.5,88,3,16.33333333,1.527525232,15,15.5,16,17,18
Rkatsiteli,32,86.5,2.54000254,82,84,87,88,92,32,21.125,7.885265966,12,15,18,28,38
Robola,4,87.75,2.62995564,84,87,88.5,89.25,90,4,23,5.033222957,18,21,22,24,30
Roditis,4,86.5,0.577350269,86,86,86.5,87,87,4,16.75,6.946221995,12,12.75,14,18,27
Roditis-Moschofilero,1,88,,88,88,88,88,88,1,11,,11,11,11,11,11
Rolle,4,88.25,1.258305739,87,87.75,88,88.5,90,4,22.25,5.188127472,19,19.75,20,22.5,30
Romorantin,3,90.66666667,0.577350269,90,90.5,91,91,91,3,23.33333333,5.773502692,20,20,20,25,30
Rosado,75,84.78666667,1.898031223,80,83.5,85,86,89,75,13.28,4.12166327,7,11,12,14.5,28
Rosato,86,86.79069767,2.092655386,81,86,87,88,91,86,17.53488372,6.629164927,8,13,16,20,53
Rosenmuskateller,1,92,,92,92,92,92,92,1,150,,150,150,150,150,150
Rosé,3262,86.88565297,2.540463619,80,85,87,89,96,3262,18.50643777,16.32532423,5,13,16,20,800
Roter Traminer,4,90,1.414213562,89,89,89.5,90.5,92,4,32.25,5.057996968,26,29.75,32.5,35,38
Roter Veltliner,8,90,1.603567451,87,89,90.5,91,92,8,37.125,14.93258661,19,24.75,35.5,52,54
Rotgipfler,20,90,1.55597321,88,88,90,91,92,20,27.2,8.947801847,19,20,22,35,42
Roussanne,167,88.49700599,2.688382529,82,87,88,90.5,94,167,28.20359281,11.03965411,14,22,25,30,100
Roussanne-Grenache Blanc,1,91,,91,91,91,91,91,1,16,,16,16,16,16,16
Roussanne-Marsanne,4,87.75,4.031128874,82,86.5,89,90.25,91,4,34.5,12.89702808,22,25,33,42.5,50
Roussanne-Viognier,13,89.15384615,2.034951017,85,88,89,91,92,13,31.30769231,8.557497837,18,28,32,34,48
Roviello,1,93,,93,93,93,93,93,1,28,,28,28,28,28,28
Ruché,12,86.83333333,1.114640858,85,86.75,87,87,89,12,26.66666667,12.76595852,15,21,22,27,62
Rufete,2,85.5,0.707106781,85,85.25,85.5,85.75,86,2,28.5,9.192388155,22,25.25,28.5,31.75,35
Ryzlink Rýnský,1,89,,89,89,89,89,89,1,40,,40,40,40,40,40
Sacy,1,87,,87,87,87,87,87,1,19,,19,19,19,19,19
Sagrantino,93,89.95698925,2.557656785,84,88,90,92,96,93,53.12903226,20.63145857,21,40,50,60,119
Sangiovese,2377,88.61295751,2.835851592,80,87,88,90,100,2377,45.27934371,42.94885042,6,22,32,58,800
Sangiovese Cabernet,4,88.5,3,85,86.5,89,91,91,4,47.75,10.59481005,32,47,52,52.75,55
Sangiovese Grosso,589,90.80135823,2.305627142,84,89,91,93,100,589,65.63497453,47.19965049,12,45,60,75,900
Sangiovese-Cabernet Sauvignon,6,86,2.366431913,83,85,85.5,86.75,90,6,30,11.08151614,15,24.75,27.5,38.5,44
Sangiovese-Syrah,5,88.2,2.683281573,84,87,90,90,90,5,50.4,15.51773179,34,36,50,66,66
Saperavi,37,88.10810811,1.882430223,82,87,88,90,90,37,21.54054054,8.868153367,10,15,18,30,40
Saperavi-Merlot,2,87,4.242640687,84,85.5,87,88.5,90,2,17.5,0.707106781,17,17.25,17.5,17.75,18
Sauvignon,302,88.20860927,2.206798327,81,87,88,90,95,302,26.64238411,12.73462561,10,18.25,24,30,95
Sauvignon Blanc,4783,87.40790299,2.680270921,80,86,87,89,95,4783,20.22851767,9.871627194,5,14,18,24,135
Sauvignon Blanc-Assyrtiko,1,92,,92,92,92,92,92,1,20,,20,20,20,20,20
Sauvignon Blanc-Chardonnay,6,88.16666667,3.311595789,84,85.75,88.5,89.75,93,6,21.66666667,10.36661308,10,15.75,18,30,35
Sauvignon Blanc-Chenin Blanc,4,86.75,0.5,86,86.75,87,87,87,4,16,4.320493799,12,13.5,15,17.5,22
Sauvignon Blanc-Semillon,68,88.16176471,2.328347656,83,86,88,90,94,68,27.05882353,12.92097953,12,20,24,32,89
Sauvignon Blanc-Verdejo,4,84.75,1.258305739,83,84.5,85,85.25,86,4,12.25,1.707825128,10,11.5,12.5,13.25,14
Sauvignon Gris,12,86.08333333,3.604500554,81,83,86.5,87.25,94,12,21.91666667,9.317220941,14,15,19,23.25,40
Sauvignon Musqué,1,87,,87,87,87,87,87,1,18,,18,18,18,18,18
Sauvignon-Sémillon,1,86,,86,86,86,86,86,1,12,,12,12,12,12,12
Sauvignonasse,1,90,,90,90,90,90,90,1,25,,25,25,25,25,25
Savagnin,15,89.86666667,2.416215065,87,88,89,92,94,15,43.73333333,21.61503004,15,28,42,56,90
Savatiano,5,87.2,2.683281573,84,86,86,90,90,5,13.8,7.190271205,8,9,10,17,25
Scheurebe,23,90.60869565,3.380951055,85,88,90,92,97,23,44.52173913,36.06921322,12,17,25,67.5,125
Schiava,23,88.17391304,0.886882892,87,87.5,88,89,90,23,19.04347826,4.061775931,13,15,18,23,25
Schwartzriesling,1,90,,90,90,90,90,90,1,25,,25,25,25,25,25
Sciaccerellu,3,88.66666667,1.154700538,88,88,88,89,90,3,37.33333333,28.29016319,21,21,21,45.5,70
Semillon-Chardonnay,5,85.6,2.073644135,84,84,85,86,89,5,12.4,4.5607017,7,8,15,15,17
Semillon-Sauvignon Blanc,52,88.46153846,3.744075259,82,86,88,91,98,52,29.55769231,18.20193209,9,18.75,25,32.75,85
Sercial,1,94,,94,94,94,94,94,1,50,,50,50,50,50,50
Seyval Blanc,16,84.1875,1.376892637,81,83.75,84,85,87,16,19.6875,9.184906096,9,13.75,19,22.25,45
Sherry,100,89.82,2.55200456,83,88,90,92,94,100,35.66,34.74356855,10,16,18,42,170
Shiraz,822,89.04501217,3.129626329,80,87,89,91,99,822,41.54257908,65.86194184,5,15,24,50,850
Shiraz-Cabernet,3,86.66666667,0.577350269,86,86.5,87,87,87,3,56.33333333,32.33161507,19,47,75,75,75
Shiraz-Cabernet Sauvignon,36,87.13888889,3.154613653,81,85,87,89,95,36,21.16666667,15.52785515,5,12,16.5,22.75,80
Shiraz-Grenache,15,89.66666667,2.225394561,85,88.5,90,91,92,15,28.26666667,19.26679848,11,19,20,23.5,65
Shiraz-Malbec,3,90,2,88,89,90,91,92,3,18.66666667,5.507570547,15,15.5,16,20.5,25
Shiraz-Mourvèdre,3,88.66666667,0.577350269,88,88.5,89,89,89,3,17.66666667,3.785938897,15,15.5,16,19,22
Shiraz-Roussanne,1,90,,90,90,90,90,90,1,29,,29,29,29,29,29
Shiraz-Tempranillo,2,82,2.828427125,80,81,82,83,84,2,8.5,2.121320344,7,7.75,8.5,9.25,10
Shiraz-Viognier,38,89.57894737,3.251873298,82,87.25,89,91.75,97,38,53.18421053,60.9904092,12,20,25,45,225
Sideritis,1,85,,85,85,85,85,85,1,23,,23,23,23,23,23
Siegerrebe,1,84,,84,84,84,84,84,1,15,,15,15,15,15,15
Silvaner,37,88.48648649,2.364337135,85,87,88,90,96,37,46,62.12532137,12,18,21,28,279
Silvaner-Traminer,1,86,,86,86,86,86,86,1,25,,25,25,25,25,25
Siria,11,87.36363636,2.15743956,84,86,88,88.5,90,11,14.27272727,3.523944071,10,11.5,15,15,20
Sirica,2,92.5,0.707106781,92,92.25,92.5,92.75,93,2,23,0,23,23,23,23,23
Sousão,8,88.125,1.885091889,84,88,88,89.25,90,8,36.75,9.192388155,14,40,40,40,40
Souzao,3,86.66666667,0.577350269,86,86.5,87,87,87,3,28,6.92820323,24,24,24,30,36
Sparkling Blend,2027,88.08140109,2.863940708,80,86,88,90,98,2027,29.61124815,20.19546223,5,16,24,38,250
Spätburgunder,70,90.05714286,2.707401098,81,88.25,90,92,95,70,60.97142857,36.35292841,16,32.25,50,83.75,181
St. Laurent,75,89.93333333,2.451328009,84,88,90,92,95,75,30.74666667,17.75287821,10,20,25,40,90
St. Vincent,1,85,,85,85,85,85,85,1,24,,24,24,24,24,24
Susumaniello,5,89,2.828427125,86,87,88,92,92,5,30.8,16.64932431,18,18,20,48,50
Sylvaner,46,88.43478261,2.166945356,84,87,88,90,93,46,22.13043478,6.417367739,12,18,20,25,40
Symphony,5,85.4,2.607680962,82,84,85,88,88,5,15.8,12.53794241,8,9,12,12,38
Syrah,4086,89.2907489,3.046863279,80,87,90,92,100,4086,39.13778757,27.32462909,4,25,35,45,750
Syrah-Bonarda,1,87,,87,87,87,87,87,1,13,,13,13,13,13,13
Syrah-Cabernet,15,87.26666667,2.96326718,82,85,88,89,93,15,26.86666667,16.59116231,9,16,18,37.5,60
Syrah-Cabernet Franc,5,90.2,2.049390153,88,88,91,92,92,5,67.2,4.024922359,60,69,69,69,69
Syrah-Cabernet Sauvignon,37,89.2972973,2.706626281,80,88,90,91,94,37,45.13513514,16.97573785,12,35,40,60,85
Syrah-Carignan,4,89.75,1.707825128,88,88.75,89.5,90.5,92,4,22.75,8.180260795,18,18.75,19,23,35
Syrah-Grenache,57,88.70175439,2.872063173,80,86,89,91,95,57,28.87719298,15.77868157,6,15,28,35,95
Syrah-Grenache-Viognier,1,90,,90,90,90,90,90,1,45,,45,45,45,45,45
Syrah-Malbec,1,89,,89,89,89,89,89,1,14,,14,14,14,14,14
Syrah-Merlot,7,88,1.527525232,86,87,88,89,90,7,27,17.1464282,11,15.5,20,34,59
Syrah-Mourvèdre,20,89.25,2.446802425,83,87.75,90,91,93,20,32.05,12.21075885,13,22.5,27.5,40.5,55
Syrah-Petit Verdot,3,91.33333333,2.309401077,90,90,90,92,94,3,39.66666667,8.082903769,35,35,35,42,49
Syrah-Petite Sirah,16,89.75,3.785938897,82,87.75,91,92,94,16,40.6875,14.84012017,24,34.25,36,41.25,85
Syrah-Tempranillo,7,89.71428571,2.058663459,87,88,90,91.5,92,7,39.85714286,11.18672683,15,42,45,45,45
Syrah-Viognier,18,89.72222222,2.824380318,84,89,90,91.75,94,18,50.55555556,23.26629024,14,36,50,70,90
Sämling,2,88.5,0.707106781,88,88.25,88.5,88.75,89,2,35.5,14.8492424,25,30.25,35.5,40.75,46
Sémillon,131,88.13740458,3.149513659,80,86,89,90,96,131,24.61832061,11.68526884,9,17,21,28,79
Tamianka,1,89,,89,89,89,89,89,1,20,,20,20,20,20,20
Tamjanika,2,88,0,88,88,88,88,88,2,18,0,18,18,18,18,18
Tannat,169,88.72781065,3.20293698,80,87,89,91,96,169,33.18343195,25.06792126,10,20,29,38,200
Tannat-Cabernet,26,90.34615385,2.606795852,85,88.25,91,92.75,94,26,20.5,12.01415831,11,14,15,25,65
Tannat-Cabernet Franc,16,90.9375,1.768945072,87,90,90.5,92,94,16,21.375,10.06561805,12,14,16,27.5,42
Tannat-Merlot,9,87.11111111,2.420973174,85,86,87,87,93,9,18.22222222,6.833333333,10,13,16,23,29
Tannat-Syrah,6,87.5,3.082207001,84,86,87,88,93,6,16,12,10,10,10,14.5,40
Tempranillo,1789,87.52263835,3.077697535,80,85,87,90,97,1789,31.1509223,33.72222737,4,14,22,35,600
Tempranillo Blanco,9,83.66666667,1.414213562,81,83,84,84,86,9,29.11111111,9.905105305,12,24,26,40,40
Tempranillo Blend,583,88.26586621,2.994780895,80,86,88,91,96,583,35.89536878,38.538565,7,16,25,40,450
Tempranillo-Cabernet Sauvignon,53,86.64150943,2.78107851,81,85,87,88,93,53,51.41509434,121.3057856,8,11,15,28,600
Tempranillo-Garnacha,32,85.1875,2.347785504,81,83,86,87,89,32,12.28125,4.349522592,8,10,11.5,13,28
Tempranillo-Merlot,7,85.28571429,3.728908943,80,83.5,85,86.5,92,7,19.42857143,11.01297936,6,13.5,17,23,40
Tempranillo-Shiraz,8,84.75,2.866057521,81,82,85,87.25,88,8,14.25,6.692212959,10,10,12,15,30
Tempranillo-Syrah,2,86.5,6.363961031,82,84.25,86.5,88.75,91,2,17.5,7.778174593,12,14.75,17.5,20.25,23
Tempranillo-Tannat,1,88,,88,88,88,88,88,1,20,,20,20,20,20,20
Teran,7,88,3.366501646,81,87.5,89,90,91,7,26,9.865765725,18,19,23,29,45
Teroldego,32,89.03125,2.901438742,83,87.75,88,91.25,95,32,32.53125,15.32231006,14,18,29.5,40,72
Teroldego Rotaliano,1,86,,86,86,86,86,86,1,15,,15,15,15,15,15
Terrantez,1,95,,95,95,95,95,95,1,236,,236,236,236,236,236
Thrapsathiri,1,88,,88,88,88,88,88,1,25,,25,25,25,25,25
Timorasso,5,90.6,0.894427191,90,90,90,91,92,5,41.6,17.61533423,25,25,38,60,60
Tinta Amarela,1,90,,90,90,90,90,90,1,30,,30,30,30,30,30
Tinta Barroca,4,87.75,2.217355783,86,86.75,87,88,91,4,26.5,17.97220076,13,18.25,20,28.25,53
Tinta Cao,2,90,0,90,90,90,90,90,2,14,0,14,14,14,14,14
Tinta Fina,11,87.90909091,2.773248833,82,86,89,90,91,11,30,4.979959839,25,26,29,33,40
Tinta Francisca,3,90.33333333,1.154700538,89,90,91,91,91,3,50,17.32050808,30,45,60,60,60
Tinta Madeira,1,89,,89,89,89,89,89,1,45,,45,45,45,45,45
Tinta Miúda,3,87.66666667,1.154700538,87,87,87,88,89,3,18.66666667,8.082903769,14,14,14,21,28
Tinta Negra Mole,1,92,,92,92,92,92,92,1,112,,112,112,112,112,112
Tinta Roriz,10,88.5,3.40750805,84,86.25,88.5,90,94,10,29.4,20.30435093,9,15.5,25.5,38,75
Tinta de Toro,165,89.58181818,3.407439363,80,88,90,92,97,165,45.35757576,50.48350993,7,18,27,50,250
Tinta del Pais,2,95,1.414213562,94,94.5,95,95.5,96,2,47.5,3.535533906,45,46.25,47.5,48.75,50
Tinta del Toro,3,86.33333333,5.686240703,80,84,88,89.5,91,3,23.33333333,12.01388086,11,17.5,24,29.5,35
Tintilia ,1,87,,87,87,87,87,87,1,25,,25,25,25,25,25
Tinto Fino,100,89.88,3.565491169,81,87,90,92.25,98,100,64.25,74.50867687,12,20,31,86.25,450
Tinto Velasco,1,85,,85,85,85,85,85,1,9,,9,9,9,9,9
Tinto del Pais,18,87.88888889,3.924116819,80,86,87,90.75,96,18,39.44444444,46.52035889,13,14.25,23.5,31.75,204
Tocai,9,88,2.397915762,85,87,87,89,93,9,21.33333333,8.261355821,10,16,22,22,35
Tocai Friulano,20,87.45,2.282081229,83,86,87,88.25,93,20,24.85,13.12400372,15,20,20.5,25,75
Tokaji,23,90.65217391,2.228099387,86,89.5,91,92,96,23,59.08695652,42.10151481,13,25.5,50,78,175
Tokay,7,90.71428571,3.683941988,86,89,91,91,98,7,47,48.16983842,15,17,19,60.5,140
Tokay Pinot Gris,1,89,,89,89,89,89,89,1,30,,30,30,30,30,30
Torbato,2,91,0,91,91,91,91,91,2,20,0,20,20,20,20,20
Torontel,1,92,,92,92,92,92,92,1,40,,40,40,40,40,40
Torrontés,247,85.59109312,2.215705585,80,84,86,87,92,247,13.80161943,4.003697149,7,11,13,15,36
Touriga,3,89.33333333,1.154700538,88,89,90,90,90,3,45.66666667,0.577350269,45,45.5,46,46,46
Touriga Franca,7,88.57142857,1.397276262,87,88,88,89,91,7,27,14.18919777,10,17,20,40,45
Touriga Nacional,173,88.96531792,2.990092076,80,86,89,92,95,173,28.75144509,17.2667701,7,15,24,36,100
Touriga Nacional Blend,14,89.14285714,2.107026445,85,88,89,90,93,14,28.42857143,34.48458805,11,13,15.5,28.25,144
Touriga Nacional-Cabernet Sauvignon,26,88.07692308,2.560048076,84,86,88.5,90,92,26,14.03846154,7.1804221,7,9.25,12,15,40
Trajadura,1,86,,86,86,86,86,86,1,7,,7,7,7,7,7
Traminer,34,88.02941176,2.844295664,83,87,88,89,96,34,24.29411765,16.62697591,10,15,19.5,28,100
Traminette,10,84.6,2.412928143,81,83.5,85,85.75,89,10,15.1,1.791957341,13,14,15,15.75,18
Trebbiano,43,87.20930233,2.474230419,83,85,87,88.5,93,43,23.27906977,13.52304133,9,12.5,20,30,60
Trebbiano Spoletino,5,87.6,0.894427191,87,87,87,88,89,5,22.4,4.335896678,20,20,20,22,30
Trebbiano di Lugana,3,87.66666667,0.577350269,87,87.5,88,88,88,3,29.33333333,9.814954576,18,26.5,35,35,35
Treixadura,3,87.33333333,0.577350269,87,87,87,87.5,88,3,17,1.732050808,15,16.5,18,18,18
Trepat,10,87.8,2.740640639,83,86.25,88.5,90,91,10,21.4,7.618690468,12,16.5,21,25,38
Trincadeira,24,87.75,1.77543626,84,87,87,89,92,24,19.83333333,8.686154233,12,14,17.5,22,45
Trollinger,2,90.5,3.535533906,88,89.25,90.5,91.75,93,2,21.5,0.707106781,21,21.25,21.5,21.75,22
Trousseau,6,87.16666667,2.136976057,85,86,86.5,87.75,91,6,37.66666667,11.86029792,26,31.5,35,38.5,60
Trousseau Gris,3,90,5.196152423,84,88.5,93,93,93,3,23.66666667,4.041451884,19,22.5,26,26,26
Tsapournakos,1,90,,90,90,90,90,90,1,27,,27,27,27,27,27
Tsolikouri,1,87,,87,87,87,87,87,1,14,,14,14,14,14,14
Turbiana,146,88.89726027,2.005954763,84,87,89,90,94,146,23.89041096,7.149751177,9,19,23,29,48
Tămâioasă Românească,2,88,1.414213562,87,87.5,88,88.5,89,2,11,1.414213562,10,10.5,11,11.5,12
Ugni Blanc,3,90.66666667,1.154700538,90,90,90,91,92,3,27,0,27,27,27,27,27
Ugni Blanc-Colombard,9,85.77777778,0.833333333,85,85,86,86,87,9,10.88888889,1.054092553,9,10,11,12,12
Uva di Troia,13,87.69230769,1.750457816,85,87,88,88,92,13,24.46153846,9.828660341,10,18,22,30,44
Uvalino,2,88,0,88,88,88,88,88,2,29,0,29,29,29,29,29
Valdiguié,6,87,1.549193338,86,86,86.5,87,90,6,19,16.18641406,10,10,10,20.5,50
Valvin Muscat,1,87,,87,87,87,87,87,1,13,,13,13,13,13,13
Veltliner,4,90,1.825741858,88,88.75,90,91.25,92,4,29.5,8.22597512,20,26,29,32.5,40
Verdeca,5,86.2,2.28035085,84,85,86,86,90,5,15.6,4.277849927,10,15,15,16,22
Verdejo,291,86.32646048,2.236057379,80,85,87,88,92,291,16.20618557,6.763397653,6,12,14,18,50
Verdejo-Sauvignon Blanc,5,85,1.58113883,83,84,85,86,87,5,9.8,0.447213595,9,10,10,10,10
Verdejo-Viura,22,85.72727273,1.980423672,80,85,86,87,88,22,10.81818182,2.038588766,8,9,11,12,16
Verdelho,55,87.14545455,2.04955444,82,86,87,88,96,55,20.36363636,27.82442548,9,14,15,19,220
Verdicchio,161,87.83850932,2.173420752,82,86,88,89,95,161,21.98757764,10.849532,10,14,18,26,57
Verdil,1,86,,86,86,86,86,86,1,18,,18,18,18,18,18
Verdosilla,1,84,,84,84,84,84,84,1,17,,17,17,17,17,17
Verduzzo,5,88.8,1.788854382,88,88,88,88,92,5,33,11.81101181,18,27,30,45,45
Verduzzo Friulano ,3,88.66666667,1.154700538,88,88,88,89,90,3,54.33333333,16.80277755,36,47,58,63.5,69
Vermentino,207,87.71014493,1.973868972,83,86.5,87,89,94,207,22.64251208,13.03757562,8,16,20,26,157
Vermentino Nero,1,88,,88,88,88,88,88,1,45,,45,45,45,45,45
Vernaccia,126,87.37301587,1.573450359,85,86,87,88,93,126,18.63492063,6.220743588,7,14,17.5,21.75,36
Vespaiolo,1,92,,92,92,92,92,92,1,40,,40,40,40,40,40
Vespolina,2,88,0,88,88,88,88,88,2,25,0,25,25,25,25,25
Vidadillo,1,89,,89,89,89,89,89,1,24,,24,24,24,24,24
Vidal,11,89.36363636,2.730301349,85,87.5,91,91.5,92,11,37.81818182,16.96949134,13,29,31,52,60
Vidal Blanc,55,87.01818182,2.599792792,81,85,87,89,92,55,35,22.28685047,11,18,25,47,85
Vignoles,11,85.45454545,2.207425485,80,84.5,86,87,88,11,18,5.272570531,10,14.5,18,22,25
Vilana,4,86.5,2.380476143,84,84.75,86.5,88.25,89,4,14.5,4.434711565,11,12.5,13,15,21
Vinhão,2,86.5,2.121320344,85,85.75,86.5,87.25,88,2,22,5.656854249,18,20,22,24,26
Viognier,985,87.7715736,2.875393939,80,86,88,90,96,985,26.0893401,16.0941759,8,18,23,28,140
Viognier-Chardonnay,8,85,2.20389266,82,83.75,84.5,86.5,88,8,20.5,12.22409798,10,15.75,16,19,49
Viognier-Gewürztraminer,2,86,0,86,86,86,86,86,2,15,0,15,15,15,15,15
Viognier-Grenache Blanc,3,89.66666667,2.309401077,87,89,91,91,91,3,32,4.358898944,27,30.5,34,34.5,35
Viognier-Marsanne,3,88.33333333,2.081665999,86,87.5,89,89.5,90,3,20.33333333,6.658328118,16,16.5,17,22.5,28
Viognier-Roussanne,7,88,4.618802154,83,83.5,89,91.5,94,7,25.71428571,18.09893446,14,16.5,18,25,65
Viognier-Valdiguié,1,84,,84,84,84,84,84,1,17,,17,17,17,17,17
Viosinho,5,88.4,1.949358869,87,87,87,90,91,5,23.4,7.893034904,16,19,19,28,35
Vitovska,3,90.33333333,0.577350269,90,90,90,90.5,91,3,64.33333333,35.79571669,23,54,85,85,85
Viura,105,85.28571429,2.677234098,80,84,85,87,92,105,15.2952381,10.08704787,7,10,12,15,80
Viura-Chardonnay,13,84.69230769,1.702185624,81,84,85,86,87,13,10.76923077,2.127355407,9,9,9,13,14
Viura-Verdejo,2,84.5,2.121320344,83,83.75,84.5,85.25,86,2,12,1.414213562,11,11.5,12,12.5,13
Vranac,1,86,,86,86,86,86,86,1,11,,11,11,11,11,11
Vranec,4,86.75,2.62995564,84,84.75,87,89,89,4,16,2.943920289,13,14.5,15.5,17,20
Weissburgunder,39,89.61538462,1.72619729,87,88.5,90,91,93,39,26.17948718,7.806447386,15,19,25,33,45
Welschriesling,24,88.66666667,3.509820591,82,85.75,88,92,94,24,28.625,14.58949145,12,15,27,37.5,75
White Blend,2172,87.32642726,2.692908533,80,86,87,89,97,2172,23.2407919,17.17768342,4,14,19,27,375
White Port,1,92,,92,92,92,92,92,1,40,,40,40,40,40,40
White Riesling,13,88.61538462,3.404371247,83,87,88,89,96,13,16.69230769,9.250086625,7,10,13,18,40
Xarel-lo,21,85.71428571,1.927248223,82,84,87,87,88,21,16.04761905,4.499735442,12,13,15,18,30
Xinisteri,1,89,,89,89,89,89,89,1,20,,20,20,20,20,20
Xinomavro,32,86.78125,2.01180989,83,85.75,87,88,92,32,22.5625,7.396326464,13,16.75,20,26.25,38
Xynisteri,2,87,2.828427125,85,86,87,88,89,2,18.5,3.535533906,16,17.25,18.5,19.75,21
Yapincak,2,85.5,2.121320344,84,84.75,85.5,86.25,87,2,18,2.828427125,16,17,18,19,20
Zibibbo,28,89.82142857,2.695037572,86,88,89,92.25,95,28,37.35714286,12.77501696,19,24.75,39,45,60
Zierfandler,12,90.08333333,1.880924982,87,88.75,90.5,91.25,93,12,32.58333333,9.394953513,15,30.25,35,40,42
Zierfandler-Rotgipfler,4,90.75,1.258305739,89,90.5,91,91.25,92,4,23.75,2.5,20,23.75,25,25,25
Zinfandel,2708,87.82680945,3.109607931,80,86,88,90,97,2708,29.4922452,12.35595747,5,20,28,36,100
Zlahtina,2,86,2.828427125,84,85,86,87,88,2,14.5,2.121320344,13,13.75,14.5,15.25,16
Zweigelt,182,88.5,2.166418742,82,87,89,90,94,182,21.51648352,10.15500055,9,15,18,25,70
Çalkarası,2,86.5,0.707106781,86,86.25,86.5,86.75,87,2,19,0,19,19,19,19,19
Žilavka,1,88,,88,88,88,88,88,1,15,,15,15,15,15,15
